,Position X Reference Frame,Position Y Reference Frame,Position Z Reference Frame,ID,Intensity Median
0,52.5385,18.1188,44.8169,0,175.02
1,48.0414,20.9249,43.2363,1,124.0
2,40.2849,16.8077,42.2221,2,116.00399999999999
3,55.791000000000004,24.4119,43.2768,3,115.03200000000001
4,65.9432,29.67,42.3245,4,171.99
5,70.9058,29.659000000000002,41.7706,5,108.02
6,82.3917,30.5008,42.3057,6,173.002
7,86.708,29.6994,42.6682,7,183.02
8,62.738,23.8035,41.0859,8,148.0
9,73.9329,5.82711,51.8037,9,114.008
10,75.7123,2.67489,51.0681,10,131.02
11,85.3189,-0.135695,51.1373,11,108.02
12,86.4182,8.91901,51.8579,12,144.00799999999998
13,85.631,14.9843,51.0572,13,100.984
14,92.8582,-0.816596,51.3386,14,70.00399999999999
15,95.7779,7.65128,51.6339,15,118.984
16,108.11200000000001,0.017136900000000004,51.7279,16,63.488
17,66.8915,6.16196,48.6783,17,319.496
18,57.8655,14.407,47.4278,19,195.968
19,64.7231,15.7728,47.798,20,189.98
20,73.37899999999999,16.6624,48.0122,21,190.99200000000002
21,72.6789,19.279,48.129,22,172.488
22,70.5184,0.668585,47.6809,24,281.992
23,67.7476,22.6457,47.0038,25,179.49599999999998
24,81.6543,22.6145,46.9248,26,122.986
25,92.0761,17.195,47.4717,28,156.01
26,94.9256,9.59278,47.5827,29,131.0
27,101.26,2.15981,48.2759,30,152.0
28,100.396,12.4454,47.7658,31,136.984
29,105.32600000000001,12.1866,48.3331,32,159.006
30,61.2155,0.8981290000000001,45.9363,33,144.012
31,61.6485,8.40744,46.1315,34,264.992
32,77.1739,9.786019999999999,46.8194,35,199.99400000000003
33,80.6322,0.494717,46.7857,36,202.498
34,81.1991,8.04636,46.9536,37,191.00400000000002
35,77.7858,23.9893,46.3785,38,142.01
36,80.6578,17.7552,46.3512,39,136.998
37,96.242,-0.6274109999999999,46.8642,40,177.49599999999998
38,106.068,5.652769999999999,47.0918,41,135.00799999999998
39,58.0231,8.58573,45.1742,42,276.5
40,65.2205,-2.20621,45.305,43,155.012
41,70.5895,-8.33868,45.5701,44,179.99200000000002
42,71.197,12.1401,45.658,45,215.984
43,77.6083,-6.3148,45.5777,46,232.50799999999998
44,86.7428,-3.97776,45.9061,47,155.996
45,94.7746,21.5615,45.4798,48,216.002
46,50.0459,-3.95738,43.7639,49,122.008
47,49.2966,7.501639999999999,44.1829,50,136.99200000000002
48,56.3055,0.390194,44.088,51,162.0
49,77.6962,2.40099,44.5455,52,217.488
50,85.715,19.31,44.5094,53,166.00799999999998
51,88.6488,10.4546,44.7466,54,175.50400000000002
52,102.542,-4.847169999999999,45.4359,55,86.02
53,38.5381,10.5855,42.5336,56,134.02
54,43.7335,-2.36517,43.2345,57,124.99600000000001
55,44.9998,12.6751,42.9274,58,134.004
56,75.7285,-13.5774,43.7709,59,194.98
57,80.7933,-11.5256,44.2177,60,228.972
58,86.7179,5.89961,43.9035,61,181.49599999999998
59,96.5596,7.43239,43.6456,62,88.99600000000001
60,99.6171,26.8653,44.0999,64,161.994
61,33.5104,2.72595,42.0481,65,105.50399999999999
62,42.04600000000001,2.73806,42.0833,66,122.0
63,46.6188,7.256360000000001,42.0336,67,140.0
64,62.9767,-11.3192,42.5359,68,154.99200000000002
65,66.9812,-13.1281,42.2201,69,179.50400000000002
66,84.5954,0.515254,42.5547,70,180.016
67,77.5164,25.1077,42.7718,71,160.024
68,102.186,1.6917200000000001,43.2635,73,90.00399999999999
69,102.815,19.0865,42.9869,74,139.0
70,111.515,-6.700489999999999,43.8132,75,84.99600000000001
71,47.1217,-11.1909,40.7568,76,147.0
72,51.4285,-18.0269,41.516999999999996,77,94.506
73,76.1875,-7.9778899999999995,41.8642,78,183.00799999999998
74,75.7762,-2.90555,41.9702,79,158.504
75,87.5889,-10.5894,42.5146,80,167.998
76,82.1447,12.0342,41.4031,81,122.99600000000001
77,99.546,-6.970110000000001,42.6818,82,149.00799999999998
78,130.366,-3.4628099999999997,52.0439,83,39.992
79,133.352,-7.850160000000001,50.5243,84,29.496
80,153.304,1.9946099999999998,50.9256,85,75.0
81,163.99900000000002,-7.289460000000001,51.6649,86,104.99600000000001
82,110.391,9.73818,49.3002,87,130.496
83,120.181,7.24567,49.4606,88,103.008
84,122.852,0.518928,49.2838,89,85.992
85,125.682,13.4025,49.2009,90,93.50399999999999
86,129.319,6.02912,49.3512,91,75.00399999999999
87,129.986,8.8102,49.893,92,71.984
88,140.025,-8.76852,50.0497,93,55.008
89,157.036,-5.41867,50.6048,94,73.998
90,172.28599999999997,-21.0996,51.1809,95,39.0
91,165.183,0.566933,50.4051,96,74.52
92,114.176,11.0981,48.6088,97,108.00200000000001
93,120.867,13.0983,47.983000000000004,98,89.00399999999999
94,134.489,3.98411,49.0716,100,87.0
95,141.434,3.30548,49.2225,101,76.998
96,149.39700000000002,-2.18015,49.317,102,106.99600000000001
97,152.70600000000002,-10.3123,49.2778,103,105.0
98,168.403,-14.1646,49.876999999999995,104,89.012
99,115.87299999999999,0.806045,47.1869,105,113.50399999999999
100,137.621,9.53795,47.9787,106,54.996
101,143.213,-1.01607,47.9402,107,90.0
102,147.015,-7.91343,48.5313,108,106.005
103,149.093,5.64105,48.1415,109,78.0
104,157.641,-12.2391,48.9885,110,91.992
105,162.591,-15.8159,48.6053,111,85.50399999999999
106,158.459,1.2819399999999999,48.3364,112,72.992
107,157.083,7.09152,48.3749,113,76.994
108,164.15900000000002,4.95861,48.3017,114,75.998
109,174.99,-2.30062,48.6271,115,63.01
110,110.495,3.6859900000000003,46.31399999999999,116,102.00299999999999
111,118.096,-5.726030000000001,46.7863,117,83.00200000000001
112,117.296,18.9047,46.3037,118,109.01
113,125.57,-5.27005,46.4301,119,72.00399999999999
114,135.17700000000002,-2.8635200000000003,47.0626,120,70.0
115,133.047,14.1438,46.8538,121,71.992
116,146.894,10.7709,47.0337,122,73.01
117,170.532,1.95725,47.3336,123,71.0
118,181.62099999999998,-16.6062,47.7901,124,74.0
119,185.72,-10.5602,48.5123,125,66.5
120,108.82,22.1676,45.3917,126,90.006
121,111.096,16.115,45.1243,127,97.52
122,122.44200000000001,18.1679,45.5663,128,85.012
123,165.74599999999998,-19.8828,46.6346,129,87.00299999999999
124,175.825,-7.0886,47.224,130,77.00399999999999
125,188.75900000000001,-17.4625,47.6782,131,82.001
126,129.569,-9.33062,44.5772,132,90.49600000000001
127,137.89,-10.3884,45.1722,133,79.99600000000001
128,141.53,-5.6382699999999994,45.4094,134,70.0
129,152.871,11.0283,45.0436,135,64.002
130,166.648,-2.49531,46.1341,136,83.0
131,169.201,-9.43999,46.0127,137,74.0
132,173.38099999999997,4.21593,46.0152,138,61.01
133,191.827,-12.7744,46.6461,139,80.0
134,128.52700000000002,18.1284,43.5933,140,82.49600000000001
135,137.66899999999998,16.6739,43.6047,141,81.99600000000001
136,149.989,-17.7903,44.6287,142,71.5
137,154.33100000000002,-17.1456,44.9191,143,94.008
138,163.234,9.73979,44.178999999999995,144,70.998
139,173.71599999999998,-13.9661,44.8697,145,86.00399999999999
140,196.015,-15.3912,45.7237,146,61.992
141,104.975,26.9319,41.6185,147,119.0
142,111.288,21.3363,42.6194,148,97.992
143,127.387,1.0895700000000001,43.2094,149,51.0
144,144.58100000000002,-15.3241,43.3301,151,83.99600000000001
145,158.773,-22.026999999999997,43.9915,152,106.0
146,174.05599999999998,-19.5867,44.7138,153,87.005
147,180.347,-7.0017,44.0402,154,88.0
148,186.985,-7.63819,44.5223,155,80.992
149,194.702,-10.7846,44.7586,156,57.5
150,170.609,-26.7133,48.3503,157,60.992
151,183.713,-22.403000000000002,48.4882,158,69.49600000000001
152,193.173,-20.4683,48.3829,159,86.008
153,175.49200000000002,-29.8305,47.3497,160,41.51
154,187.438,-28.2854,47.8282,161,67.0
155,194.898,-26.4846,46.6257,162,52.01
156,187.445,-32.1501,45.6062,163,58.996
157,178.81099999999998,-24.9195,44.6135,164,62.0
158,21.279,12.0346,36.4317,165,125.0
159,14.3517,8.41007,31.361,166,132.501
160,17.2082,17.9222,30.6812,167,100.00200000000001
161,13.92,16.648,26.1656,168,108.006
162,21.3114,10.6609,26.9736,169,57.0
163,8.006689999999999,8.3654,25.4838,170,117.01
164,20.9847,2.54108,36.5126,171,120.0
165,27.1692,-8.391110000000001,35.4723,172,140.99200000000002
166,19.9117,-4.66683,35.1765,173,112.005
167,30.8056,-15.2479,34.1652,174,159.012
168,9.88931,1.7647400000000002,31.7417,175,80.016
169,16.3409,1.3518700000000001,31.9094,176,110.0
170,20.4171,-8.88359,32.0861,177,123.00399999999999
171,25.1619,-22.0818,32.6012,178,94.0
172,34.1355,-25.0933,32.3787,179,101.006
173,26.2724,-11.4774,31.1539,180,115.0
174,13.5566,-6.56376,29.6864,181,99.99600000000001
175,26.9896,-18.2307,29.9514,182,153.5
176,24.6403,-3.91857,29.8209,183,98.49600000000001
177,8.51254,-7.88881,29.0823,184,56.498000000000005
178,17.359,-15.9042,28.229,185,104.5
179,23.0168,-15.6055,28.0516,186,97.49600000000001
180,9.85378,1.8651900000000001,26.9909,187,102.005
181,30.0241,-24.6252,27.1208,188,136.504
182,28.4063,-17.5245,27.529,189,117.50399999999999
183,22.5098,2.38473,26.0895,190,76.992
184,16.838,3.49588,24.9776,191,102.00399999999999
185,21.906999999999996,-7.915939999999999,24.8995,192,99.0
186,36.1491,-28.2307,25.4866,193,132.006
187,41.1897,22.2113,40.1227,194,138.012
188,51.4313,26.3579,39.9073,195,223.016
189,56.4755,30.546,40.0775,196,161.03
190,29.9122,16.5046,38.0853,197,138.006
191,34.9784,23.3769,38.2851,198,123.992
192,90.5292,31.4684,39.6742,199,138.496
193,77.3005,33.6005,38.2679,200,192.02200000000002
194,42.7805,25.8909,36.8752,201,146.496
195,55.401,25.5674,37.224000000000004,202,214.01
196,60.2631,34.1261,37.0264,203,86.014
197,68.5868,33.2997,37.3341,204,130.003
198,29.9868,22.6341,35.5415,205,97.01
199,38.0427,13.4356,35.1018,206,119.014
200,44.3926,31.4294,34.3547,207,118.01
201,50.1597,23.5303,34.9106,208,157.48
202,52.0066,33.0775,35.3505,209,135.002
203,67.1765,25.2322,35.5045,210,192.998
204,87.4564,34.8169,35.6142,211,137.5
205,92.0965,32.6316,35.7507,212,144.99200000000002
206,22.1145,21.4177,32.7733,213,85.5
207,38.2924,30.7176,33.2112,214,86.52
208,63.8791,34.8426,33.5472,215,118.984
209,73.7415,36.4117,33.7428,216,103.506
210,77.5094,29.1176,34.0944,217,120.02
211,82.587,32.3387,33.7553,218,112.012
212,82.5935,35.7797,33.6884,219,129.999
213,26.529,10.1602,31.7726,220,80.992
214,47.5361,34.8034,32.02,221,96.0
215,62.0531,23.1302,32.1074,222,106.0
216,58.7889,35.9699,32.0032,223,123.02
217,31.0164,12.4004,30.6215,224,114.00399999999999
218,28.1052,27.3885,30.4606,225,107.992
219,41.8194,19.2153,31.1352,226,107.00399999999999
220,44.0033,25.7266,31.1519,227,124.992
221,50.6645,19.2956,31.5684,228,93.50399999999999
222,25.9924,19.798,30.1211,229,107.99600000000001
223,37.2702,25.3129,30.1137,230,105.008
224,50.9767,36.2381,30.4405,231,95.99799999999999
225,30.4994,32.073,29.0152,232,61.007
226,96.3074,35.0322,30.642,233,108.012
227,24.2294,16.3084,27.8937,234,57.008
228,31.6935,22.0595,27.8943,235,104.99600000000001
229,54.8611,29.6083,28.1191,236,98.0
230,71.7525,24.0183,28.8641,237,112.0
231,70.1579,37.2576,28.6935,238,122.0
232,90.4226,36.4873,28.9859,239,115.99600000000001
233,20.4171,26.4604,27.099,240,61.993
234,74.8228,33.9353,27.5464,241,137.99200000000002
235,78.9674,37.9187,28.1588,242,134.99200000000002
236,28.7165,13.5292,26.3061,243,90.008
237,40.2146,20.9689,25.8257,244,87.99600000000001
238,39.1159,30.6847,26.0167,245,97.992
239,43.0938,35.2629,26.1073,246,107.0
240,49.4734,38.1043,25.8806,247,91.512
241,55.8961,34.4504,26.1144,248,224.49599999999998
242,65.5406,35.4124,26.8361,249,195.0
243,85.0931,35.4071,27.3562,250,158.02
244,61.1627,29.0333,25.9274,251,200.02
245,80.7551,30.3228,26.1272,252,107.984
246,27.305999999999997,8.22659,39.1887,253,121.99600000000001
247,36.6698,9.53327,39.9126,254,151.006
248,54.4861,5.88161,40.0316,255,162.0
249,70.7798,-17.0787,40.7672,256,196.0
250,75.2632,14.651,40.7953,257,144.004
251,82.6609,-7.13288,41.0367,258,179.00799999999998
252,91.583,0.266521,40.6455,259,134.503
253,93.8613,-5.88698,40.8439,260,118.99799999999999
254,95.9052,29.3583,40.7879,261,133.998
255,112.448,-11.882,41.3882,262,103.0
256,31.9273,-10.8053,38.5541,263,151.988
257,58.4931,-4.903969999999999,39.6885,264,149.0
258,63.2997,5.06948,39.3559,265,187.50400000000002
259,70.13,6.9992600000000005,39.7354,266,194.0
260,74.2919,18.9216,39.7673,267,120.506
261,106.225,-17.51,41.1695,268,69.0
262,105.53,1.82867,40.2896,269,76.0
263,107.22399999999999,9.771469999999999,40.5061,270,133.01
264,117.12200000000001,-18.7836,41.4793,271,51.01
265,27.9719,-2.36044,37.9864,272,124.99600000000001
266,35.395,-3.4228099999999997,37.81,273,135.99
267,40.1915,-12.8445,38.0557,274,147.997
268,39.6227,7.74242,37.9432,275,103.01
269,57.39,-11.445,38.3398,276,153.5
270,55.6693,16.0883,38.0319,277,155.0
271,71.5248,-5.5426400000000005,39.1585,278,197.0
272,75.8788,-17.8411,39.1434,279,192.02
273,82.8048,-16.7943,39.3386,280,127.99799999999999
274,92.265,-12.3911,39.6793,281,137.002
275,96.4978,-14.8176,39.4661,282,139.496
276,88.4534,16.879,38.8387,283,110.006
277,107.28,-13.2035,39.8365,284,116.992
278,107.745,-5.68444,40.1296,285,114.508
279,50.4779,-1.52118,37.3023,286,157.005
280,62.0584,15.2596,37.3747,287,131.5
281,64.5166,8.06461,37.9017,288,160.5
282,68.7203,14.7434,37.1984,289,237.988
283,74.2779,-1.2823200000000001,37.8065,290,162.99200000000002
284,73.9749,1.6712200000000001,37.6383,291,167.997
285,78.9389,5.773680000000001,38.0421,292,163.496
286,83.2171,19.9487,38.0524,293,124.50399999999999
287,94.5489,12.529000000000002,38.3358,294,110.008
288,100.553,8.83048,38.2354,295,91.008
289,44.1023,-17.6499,36.0619,296,169.01
290,46.8708,15.1057,36.5132,297,174.50799999999998
291,66.902,-20.434,36.8956,298,163.998
292,67.7084,1.80392,36.7929,299,231.997
293,76.1535,-20.0861,37.5171,300,173.972
294,91.9296,6.52221,37.5035,301,119.0
295,96.4227,-0.25346399999999997,37.6469,302,90.0
296,104.521,-20.1418,38.0101,303,77.998
297,103.04700000000001,-11.9525,37.4082,304,94.00399999999999
298,112.51299999999999,-20.581,38.3327,305,88.022
299,33.0956,-10.51,34.9935,306,161.50799999999998
300,31.2539,6.75597,34.5297,307,121.0
301,45.0075,3.9350099999999997,35.3651,308,127.0
302,50.873999999999995,-13.0955,35.6006,309,132.996
303,57.4417,8.02713,35.0501,310,107.99799999999999
304,62.7162,-0.632119,35.9461,311,129.5
305,88.1188,-18.2833,36.3858,312,126.008
306,93.2785,-21.7061,36.7632,313,72.006
307,79.1799,20.3164,35.9333,314,113.00399999999999
308,36.092,-19.1337,33.9342,315,176.99200000000002
309,29.1903,2.88477,33.8937,316,124.99600000000001
310,44.0789,-5.8616,34.0003,317,162.505
311,61.1271,-20.6168,34.8211,318,153.996
312,70.6855,-8.925939999999999,35.2972,319,227.99200000000002
313,75.4127,12.6264,35.0565,320,148.0
314,91.4334,28.313000000000002,34.7209,321,90.0
315,103.61399999999999,-2.22865,35.2229,322,114.0
316,99.9381,14.843,35.7406,323,93.992
317,42.0673,-11.4141,33.7437,324,147.996
318,55.0947,-19.9553,34.1336,325,125.984
319,50.9508,16.5751,33.6099,326,112.51
320,66.9186,-13.9327,34.3183,327,180.00400000000002
321,73.2191,-22.6057,34.3027,328,167.52
322,80.7627,-14.5352,34.0233,329,152.01
323,75.4873,15.6407,33.8711,330,145.006
324,99.4375,-17.3223,35.0056,331,140.502
325,91.2235,16.4985,34.144,332,132.996
326,109.361,-15.2004,34.6151,333,106.992
327,112.744,-22.3811,35.2068,334,108.51
328,113.96600000000001,-16.8546,35.4829,335,144.99200000000002
329,36.4118,-3.1928099999999997,32.0509,336,140.004
330,36.4537,4.93424,31.8638,337,103.992
331,48.9724,-22.226999999999997,33.1388,338,180.00599999999997
332,55.7455,-22.4303,32.7178,339,117.984
333,53.2391,-3.73483,32.6065,340,120.488
334,60.9898,-13.8384,33.3979,341,138.00799999999998
335,73.5629,2.95303,32.8428,342,139.502
336,82.6302,-2.98822,33.6988,343,177.49599999999998
337,79.4228,15.6121,33.1998,344,98.0
338,87.2255,-5.67962,33.5812,345,148.02
339,83.7654,8.72669,33.0406,346,138.496
340,93.2613,11.8103,33.5015,347,86.992
341,97.5117,21.7492,33.3408,348,96.99600000000001
342,51.6235,-0.35999899999999996,31.335,349,120.0
343,63.2152,18.7269,31.2245,350,91.006
344,92.0083,-18.6598,32.9421,351,128.00799999999998
345,98.3529,-9.01645,32.8486,352,140.016
346,41.0903,-23.5859,30.7758,353,146.0
347,43.5858,7.6672899999999995,29.8606,354,105.50399999999999
348,55.6858,-13.054,30.730999999999998,355,150.0
349,58.475,-2.57507,30.8642,356,120.01
350,83.2621,-21.9166,31.8952,357,139.00799999999998
351,99.5367,-25.1587,32.1811,358,75.982
352,87.0907,15.7018,31.2108,359,110.99600000000001
353,92.0718,6.0703,31.871,360,165.984
354,108.29799999999999,-1.7952299999999999,32.1778,361,79.984
355,29.9721,-1.57525,29.2123,362,107.0
356,48.3397,12.311,29.4768,363,109.49600000000001
357,59.3217,9.05466,29.2474,364,92.00399999999999
358,58.9063,17.1692,29.5503,365,117.99799999999999
359,77.2411,-16.0831,30.2772,366,202.012
360,68.6483,19.4758,29.3629,367,123.99600000000001
361,89.8608,-13.4876,30.7539,368,176.49599999999998
362,92.9669,0.531976,30.7312,369,109.986
363,102.73700000000001,-17.1482,31.0392,370,105.52
364,110.311,-25.8803,30.991,371,103.50399999999999
365,100.65899999999999,6.930560000000001,30.298000000000002,372,90.992
366,111.80799999999999,-8.87025,31.1476,374,93.00200000000001
367,43.4015,-27.9154,28.7292,375,121.02
368,56.1445,-15.4021,28.7189,376,146.988
369,68.9369,-27.1041,29.625,377,157.02
370,79.7485,-24.6574,30.0741,378,184.002
371,78.6063,8.7745,29.3739,379,104.99600000000001
372,91.2998,-28.0822,30.2629,380,48.504
373,93.01799999999999,-9.792910000000001,29.6427,381,151.018
374,91.7115,20.7544,29.0227,382,68.002
375,35.9415,-12.0111,27.4429,383,109.00399999999999
376,33.5855,9.88017,26.9581,384,83.99600000000001
377,70.8568,-18.0657,28.0101,385,152.004
378,64.8568,11.9976,27.9492,386,108.992
379,79.5357,-7.68756,28.7514,387,201.49599999999998
380,79.3181,10.8926,28.4005,388,97.99799999999999
381,99.1723,9.6549,28.8406,389,90.00200000000001
382,103.802,9.75648,28.8593,390,97.0
383,49.5304,-19.5224,27.0648,391,109.0
384,49.6855,-15.4303,27.0484,392,131.00799999999998
385,62.2283,-21.4582,26.8334,393,121.5
386,63.5857,-25.1456,27.0857,394,167.99200000000002
387,54.0052,7.7983899999999995,26.4487,395,83.99799999999999
388,57.2881,13.7054,26.5778,396,89.008
389,67.3627,-12.2721,27.7606,397,153.5
390,65.5654,1.19593,27.1396,398,172.0
391,71.4778,-4.43767,27.2228,399,156.0
392,85.4482,-3.19676,27.5625,400,154.00799999999998
393,104.837,-0.7453069999999999,28.0971,401,90.992
394,112.785,-20.6954,28.5108,402,151.99200000000002
395,41.3204,-22.8502,25.572,403,139.01
396,35.604,1.6486,25.6001,404,79.998
397,52.5163,-22.0333,26.0205,405,96.99600000000001
398,57.5652,-29.148000000000003,26.6992,406,149.002
399,50.6252,-2.99309,25.8703,407,127.008
400,59.6017,-9.356860000000001,26.3892,408,124.00399999999999
401,61.528,-4.34362,26.0187,409,109.00200000000001
402,67.2674,7.220839999999999,25.9934,410,104.00399999999999
403,72.1349,1.1236899999999999,26.7488,411,138.99200000000002
404,99.208,-1.0036,27.2676,412,113.995
405,106.58200000000001,-8.945780000000001,27.224,413,77.99600000000001
406,102.795,36.8139,35.5072,415,49.02
407,125.993,-18.6319,41.8941,416,60.512
408,125.89200000000001,9.393930000000001,41.9353,417,57.997
409,133.78799999999998,19.5749,41.8658,418,82.0
410,155.894,-8.37128,42.6174,419,59.005
411,161.863,-8.11445,42.8874,420,65.998
412,177.05,3.35285,43.1355,421,78.992
413,180.407,-0.768454,43.4252,422,87.0
414,118.35700000000001,-12.7653,41.0744,423,102.992
415,127.331,23.1359,41.073,424,85.005
416,142.25,12.7297,41.0614,425,46.504
417,169.55900000000003,-24.326999999999998,41.8661,426,83.992
418,169.49400000000003,7.97214,42.0371,427,78.0
419,199.976,-13.2556,42.7563,428,34.984
420,101.715,28.6735,38.7649,429,127.984
421,120.41,-9.30225,40.1053,430,93.01
422,110.11,28.5207,39.0468,431,98.00200000000001
423,115.432,21.0531,39.8867,432,75.0
424,131.22299999999998,-13.3912,40.2667,433,78.008
425,132.69899999999998,4.85762,39.8191,434,51.0
426,140.509,-15.3271,40.9016,435,80.50399999999999
427,136.768,-0.663932,40.4208,436,67.003
428,151.868,-23.374000000000002,40.5307,437,67.012
429,149.111,-5.26353,40.8059,438,45.004
430,160.639,1.00147,40.7037,439,61.5
431,185.918,-2.4241200000000003,41.1639,440,62.004
432,192.801,-6.13336,41.9484,441,55.997
433,197.908,-9.88247,41.3833,442,32.0
434,115.397,-3.01851,39.2961,443,99.99799999999999
435,120.41799999999999,0.0639247,39.1414,444,52.996
436,131.32,-22.1477,39.1414,445,47.01
437,120.288,20.1328,38.7981,446,64.51
438,142.474,19.6009,39.3726,447,83.008
439,163.441,-28.1154,40.4739,448,70.0
440,157.275,14.8939,39.8914,449,75.498
441,166.175,-0.8659709999999999,39.5589,450,59.004
442,136.783,22.0008,37.8957,451,75.992
443,153.467,6.35556,39.1263,452,46.001999999999995
444,162.465,-16.3774,39.016999999999996,453,61.996
445,151.955,16.8296,38.6597,454,58.996
446,177.71599999999998,-19.8023,39.5667,455,79.00399999999999
447,124.615,-15.6944,37.6043,456,77.0
448,147.89,-20.6104,37.7407,457,76.5
449,158.209,-28.4853,37.9746,458,57.0
450,147.685,23.2173,37.6793,459,38.008
451,166.668,12.6048,37.6072,460,63.998000000000005
452,183.5,-20.9399,38.4662,461,75.998
453,106.01100000000001,16.53,35.6258,462,86.006
454,111.18700000000001,4.46825,35.9951,463,92.0
455,121.03,-22.8937,36.8068,464,57.0
456,117.38799999999999,9.63757,36.3211,465,76.5
457,123.412,5.22335,36.0336,466,65.99600000000001
458,117.071,28.267,35.5175,467,88.992
459,135.762,-11.2195,36.9818,468,78.992
460,141.305,-18.7143,36.5122,469,104.49600000000001
461,126.229,26.3182,35.6743,470,61.0
462,131.60299999999998,23.5962,36.1097,471,68.002
463,140.33100000000002,3.48169,36.4465,472,53.0
464,144.168,-4.350230000000001,36.908,473,69.00399999999999
465,160.739,12.1487,37.1851,474,54.998000000000005
466,173.048,-4.2935,37.5642,475,57.996
467,176.234,7.91798,37.7276,476,62.496
468,191.608,-2.31941,37.6692,477,54.996
469,196.975,-5.16782,38.2037,478,34.496
470,125.462,-4.70779,34.9742,479,70.49600000000001
471,131.16299999999998,-5.89735,35.7644,480,57.992
472,128.746,3.22092,35.3538,481,49.504
473,139.967,-26.5225,35.6719,482,58.013999999999996
474,137.342,-18.0692,35.5294,483,88.012
475,139.891,-6.02059,35.6902,485,52.0
476,154.114,7.877110000000001,36.139,486,38.004
477,166.767,-20.0672,36.5856,487,72.001
478,172.519,-13.1123,36.6366,488,51.998000000000005
479,180.907,-8.2178,36.6016,489,59.496
480,151.578,-9.51233,35.255,490,40.004
481,146.517,9.3134,34.1979,491,53.0025
482,153.437,0.9185120000000001,34.8378,492,57.0
483,170.893,12.3611,35.3393,493,53.001999999999995
484,188.459,-10.5365,35.905,494,45.996
485,192.71200000000002,-16.0749,36.4833,495,64.49600000000001
486,100.837,32.6352,32.4906,496,78.008
487,105.665,29.0587,32.4399,497,69.968
488,128.409,-17.0936,33.3561,498,63.996
489,134.431,-26.2425,33.7335,499,93.488
490,123.20200000000001,15.4985,32.9524,500,46.001000000000005
491,124.061,17.6133,33.0987,501,45.998000000000005
492,127.49700000000001,12.9779,32.8492,502,52.004
493,152.754,-29.8349,34.0348,503,67.008
494,146.06,20.4664,33.1167,504,80.0
495,159.067,3.3611199999999997,34.5183,505,48.001000000000005
496,179.238,-14.8269,34.9679,506,46.992
497,179.829,1.68727,34.9351,507,54.992
498,118.005,-4.77361,32.3025,508,58.001999999999995
499,111.478,14.7737,31.8568,509,55.0
500,127.45100000000001,-25.5567,32.8706,510,92.992
501,144.972,-29.5443,32.9385,511,44.0
502,136.188,6.5841199999999995,32.576,512,38.998000000000005
503,147.845,-9.276010000000001,32.6251,513,43.996
504,150.44899999999998,-17.2973,33.4612,514,56.998999999999995
505,140.986,21.9877,32.7651,515,55.008
506,157.621,-6.63829,33.1384,516,51.504
507,159.82399999999998,-12.1102,33.7761,517,39.998000000000005
508,166.483,-8.10438,33.4811,518,39.006
509,164.82,16.2165,32.6409,519,37.0
510,170.574,4.40128,33.0404,520,47.006
511,183.44,-19.5762,33.7339,521,60.001000000000005
512,195.47400000000002,-0.830837,33.5262,522,39.004
513,117.24,-16.9508,31.6033,523,122.51
514,110.555,36.9483,30.7675,524,41.99
515,121.227,29.703000000000003,30.8654,525,66.49600000000001
516,149.377,0.303023,31.5149,526,38.996
517,158.54399999999998,-22.0645,32.3717,527,75.006
518,157.372,18.8631,31.9096,528,62.504
519,162.873,11.819,31.8905,529,42.0
520,107.70700000000001,11.2597,29.6871,530,89.01
521,126.367,26.7938,29.7238,531,54.003
522,145.118,-22.5768,30.9669,532,65.0
523,140.934,13.6754,30.1996,533,46.998000000000005
524,156.298,-17.4549,31.746,534,54.998000000000005
525,116.28299999999999,18.9403,29.3665,535,46.5
526,113.417,31.1748,28.9967,536,65.99600000000001
527,123.904,5.26615,29.2088,537,53.998000000000005
528,139.39700000000002,-29.7227,30.4148,538,73.0
529,143.062,-2.16622,30.0237,539,50.996
530,152.54399999999998,-24.8815,30.2616,540,47.0
531,154.28799999999998,-1.6271,30.3711,541,57.0
532,165.047,-26.7158,30.4853,542,67.99600000000001
533,171.065,-24.4258,31.3019,543,59.004
534,178.31,-6.41246,30.8082,544,41.996
535,174.9,11.9834,30.7088,545,45.012
536,178.81799999999998,9.767380000000001,30.6242,546,59.0
537,182.77200000000002,6.07463,30.8313,547,58.996
538,189.68599999999998,2.83409,30.9725,548,73.992
539,115.96700000000001,6.3762099999999995,28.0176,549,49.998000000000005
540,119.73700000000001,11.3832,27.9396,550,33.999
541,137.101,-23.6924,29.0241,551,93.5
542,133.33,13.3905,28.89,552,41.992
543,131.374,24.8761,27.8951,553,63.01
544,136.797,24.6798,28.7443,554,36.996
545,156.817,-8.59918,29.5451,555,48.001999999999995
546,151.972,20.7819,29.064,556,50.0
547,192.891,-7.4056,30.3428,557,28.004
548,111.262,5.29627,27.2608,558,41.996
549,103.12799999999999,33.8068,26.3749,559,86.0
550,107.557,23.66,26.9721,560,37.006
551,120.01100000000001,-0.483558,27.4348,561,50.0
552,116.78,27.0812,26.9671,562,59.0
553,135.132,-6.38516,27.7533,563,39.998000000000005
554,133.423,3.09879,27.9187,564,48.996
555,141.88299999999998,-14.6086,28.0409,565,55.003
556,152.282,-15.0417,28.6209,566,57.996
557,161.579,0.134802,28.5133,567,27.002
558,172.85,-16.6625,28.8512,568,48.996
559,170.872,-1.7635900000000002,28.5559,569,42.996
560,170.06599999999997,14.345,28.7784,570,42.004
561,184.446,-10.0691,28.8227,571,33.996
562,201.158,-19.7273,43.7201,572,41.001999999999995
563,182.25,-34.2658,42.8169,573,66.00399999999999
564,189.858,-35.3625,42.9587,574,31.002
565,192.092,-28.6936,42.3668,575,44.996
566,185.27,-38.1179,40.0597,576,47.004
567,169.77700000000002,-29.7754,38.9655,577,68.0
568,198.798,-25.7121,39.0687,578,65.0
569,175.583,-28.5807,37.6888,579,78.992
570,186.972,-24.1542,38.4134,580,60.005
571,162.689,-31.7997,36.3022,581,90.00399999999999
572,177.345,-37.1709,37.0647,582,79.00399999999999
573,181.326,-29.824,36.413000000000004,583,39.0
574,189.75099999999998,-38.8628,36.3483,584,29.004
575,194.202,-33.5896,36.6111,585,49.992
576,203.332,-23.1459,36.0516,586,21.008000000000003
577,171.645,-34.1704,35.0085,587,89.00399999999999
578,180.229,-41.7813,35.1866,588,67.008
579,184.702,-43.067,35.2935,589,31.01
580,176.69099999999997,-25.0405,32.9942,590,48.996
581,174.88299999999998,-40.8384,32.3526,591,76.0
582,188.46599999999998,-22.4983,31.7797,592,45.998000000000005
583,198.96900000000002,-19.9199,32.7215,593,44.004
584,156.67,-33.4275,31.0498,594,86.0
585,163.77700000000002,-32.5514,30.8652,595,63.004
586,198.454,-27.0411,31.3424,596,46.996
587,183.952,-36.5422,30.511,597,57.996
588,169.041,-33.1292,29.0952,599,40.496
589,185.49099999999999,-45.5938,29.4193,600,25.998
590,183.08900000000003,-23.198,29.2118,601,43.004
591,201.782,-8.42324,36.0504,602,36.996
592,201.75599999999997,-9.748460000000001,31.3663,603,56.496
593,200.43,-3.56395,31.5267,604,37.496
594,203.21599999999998,-16.4535,38.5337,605,29.002
595,13.7284,23.8368,22.3613,606,41.496
596,18.0792,20.3952,21.5557,608,93.0
597,8.45074,16.9038,20.5173,609,43.01
598,12.9648,11.2519,21.0622,610,95.0
599,10.8496,19.9604,20.5048,611,49.994
600,5.95087,4.59465,19.9785,612,82.0
601,21.1236,8.32423,18.4434,613,55.996
602,14.5578,11.4827,17.2215,614,92.01
603,12.28,23.371,16.5626,615,36.01
604,11.7694,5.16972,15.7414,616,75.99600000000001
605,9.2311,19.1389,14.1752,617,40.001999999999995
606,7.2784,12.9787,12.9379,618,43.5
607,12.9325,25.4014,13.2782,619,33.01
608,5.2569300000000005,5.291180000000001,11.5091,620,41.996
609,18.4843,21.7769,10.8729,621,75.49600000000001
610,19.5634,14.574000000000002,9.44369,622,52.998000000000005
611,12.6172,-6.349480000000001,23.8497,623,120.008
612,18.3546,-21.3536,23.9338,624,106.00299999999999
613,12.0584,-13.9719,23.5699,625,76.5
614,22.6462,-14.0033,23.0857,626,88.984
615,23.4515,-6.44538,21.5741,627,72.992
616,24.3776,1.13832,21.476999999999997,628,67.00399999999999
617,24.9159,-22.8325,20.4434,629,122.0
618,19.0368,0.24865900000000002,19.9047,630,96.0
619,5.023280000000001,-2.81014,18.5929,631,65.0
620,25.1391,-28.891,19.8294,632,77.99600000000001
621,13.1856,-5.78752,18.4607,633,85.0
622,34.7039,-27.1227,18.744,634,110.005
623,10.3422,-12.4015,17.0714,635,56.005
624,27.3776,-11.1019,17.8676,636,82.99600000000001
625,30.6778,-19.8962,16.7968,637,78.992
626,26.7833,-2.8174099999999997,16.2137,638,52.998000000000005
627,18.6293,-7.958639999999999,15.8715,639,67.992
628,28.4836,-17.0971,15.9694,640,88.00200000000001
629,7.101789999999999,-12.1704,14.2525,641,62.008
630,15.1815,-22.7539,14.7929,642,69.012
631,4.89403,-2.02516,13.3504,643,57.0
632,25.7337,-32.1914,14.4166,644,58.498000000000005
633,24.1796,-16.2981,13.4255,645,80.005
634,29.8525,-33.3962,14.0514,646,51.008
635,38.4811,-35.3153,13.5043,647,64.52
636,11.7046,-18.6513,11.2589,648,88.00399999999999
637,14.0068,-1.9887299999999999,11.2584,649,59.996
638,20.0258,-18.969,12.1267,650,68.99600000000001
639,14.217,1.06253,11.5769,651,57.996
640,22.4546,0.428304,11.873,652,30.999000000000002
641,5.5414,-6.8883600000000005,9.27325,653,58.008
642,21.7376,-26.6425,10.3445,654,90.992
643,38.1163,37.5431,24.1643,655,52.51
644,50.2073,30.2954,24.745,656,90.0
645,65.8594,27.2631,24.9409,657,149.49200000000002
646,23.337,15.8596,23.3457,658,76.99600000000001
647,26.9974,26.7358,22.7382,659,82.0
648,34.1851,35.4831,22.7381,660,54.001999999999995
649,46.1421,24.5593,23.2771,661,87.992
650,54.2283,24.709,23.8841,662,73.006
651,32.7171,17.5752,22.3302,663,89.008
652,19.9839,30.8938,21.0095,664,25.991999999999997
653,38.4528,29.7969,21.3093,665,84.984
654,45.1849,38.1514,21.7118,666,86.50399999999999
655,36.2275,25.6932,20.7534,667,79.008
656,75.6489,40.8231,20.6515,668,79.005
657,28.6961,11.0984,19.5937,669,67.998
658,39.1042,14.9114,19.5569,670,66.002
659,43.7342,18.8419,19.7889,671,84.016
660,60.8934,39.1315,19.3732,672,82.006
661,65.8194,25.4737,19.8721,673,85.00399999999999
662,78.6123,34.301,19.9791,674,80.00399999999999
663,17.509,27.6255,17.6097,675,27.002
664,28.0432,34.058,17.8366,676,70.0
665,37.4675,38.2487,18.3341,677,63.996
666,55.7861,42.1468,18.9935,678,76.488
667,65.0529,33.5535,19.1525,679,91.0
668,65.0994,43.9547,18.7458,680,57.02
669,70.859,36.3809,18.2488,681,72.008
670,83.2789,33.6771,18.302,682,72.00399999999999
671,32.2086,28.4014,16.2409,683,59.992
672,36.385999999999996,20.8427,16.2787,684,61.01
673,43.3699,39.0838,16.4911,685,85.0
674,52.8486,32.9923,16.4475,686,59.996
675,56.73,24.4965,16.7852,687,33.999
676,72.3223,30.7762,17.391,688,66.984
677,75.6045,44.3252,17.5016,689,59.996
678,81.1176,42.7323,17.4514,690,69.0
679,87.5687,40.1796,17.9743,691,63.004
680,22.7772,27.1922,15.360999999999999,692,58.996
681,22.1525,34.28,15.491,693,33.005
682,38.323,27.7627,15.8941,694,70.998
683,56.7916,32.8898,16.2657,695,58.001999999999995
684,68.0251,42.9131,16.2139,696,73.012
685,79.3739,30.5048,16.6932,697,56.01
686,86.0264,33.1607,16.8907,698,62.004
687,84.4977,43.428000000000004,16.294,699,67.01
688,25.0962,13.8553,14.4862,700,68.992
689,25.225,25.5756,14.3135,701,53.001999999999995
690,52.3977,17.0964,14.7594,702,54.001999999999995
691,48.4072,41.5842,14.8551,703,75.012
692,60.2068,38.3813,15.4004,704,55.004
693,64.8896,40.0088,15.1213,705,63.008
694,71.6509,25.3609,15.7653,706,50.004
695,74.9777,31.1299,15.4426,707,83.992
696,36.4837,29.2889,13.319,708,63.496
697,41.9806,28.3361,13.6191,709,75.99600000000001
698,46.6185,36.2417,13.4804,710,59.01
699,94.7202,41.3138,14.9164,711,54.004
700,33.2089,13.939,12.7538,712,65.49600000000001
701,30.8434,27.8864,12.2912,713,58.006
702,53.5019,22.7382,12.8236,714,34.5
703,52.2297,44.5644,12.4605,715,52.012
704,69.937,39.6767,12.998,716,57.992
705,75.0204,40.4948,13.3107,717,52.0
706,92.0851,41.6435,14.212,718,47.008
707,39.6261,36.0051,11.6442,719,49.0
708,44.9861,24.4872,12.3279,720,54.006
709,60.0776,33.87,12.3517,721,53.008
710,59.7206,44.6245,11.9567,722,25.991999999999997
711,81.2203,40.0724,12.764000000000001,723,51.012
712,88.3265,38.1651,12.7502,724,53.001999999999995
713,92.3068,36.5116,12.8047,725,49.996
714,35.9234,35.1874,10.2127,726,54.996
715,50.9055,17.979,11.2249,727,50.996
716,49.1411,37.1305,11.056,728,59.0
717,62.5583,25.1615,11.6076,729,32.996
718,70.8377,23.4788,11.703,730,38.992
719,88.7512,32.6068,12.2525,731,53.0
720,95.9272,34.8436,12.3036,732,36.996
721,38.3267,15.014000000000001,9.55401,733,54.996
722,33.4216,40.922,9.21814,734,18.51
723,57.9633,30.1943,10.4985,735,45.996
724,66.6899,27.2885,10.8372,736,50.496
725,65.4604,32.4711,10.3021,737,46.004
726,70.5278,28.3451,10.863,738,46.0
727,70.5947,34.1154,10.6624,739,47.0
728,75.2768,29.8238,10.7759,740,44.01
729,72.9325,38.4285,10.8935,741,45.996
730,29.3579,1.16105,24.4431,742,88.99600000000001
731,49.6088,-28.6247,25.2301,743,131.0
732,42.2248,-0.5626140000000001,24.3677,744,89.99799999999999
733,41.5994,9.11847,24.7034,745,90.99600000000001
734,49.1218,6.642939999999999,25.0,746,80.99600000000001
735,58.9291,5.4783,24.7729,747,84.99600000000001
736,72.2157,-30.6061,25.5861,748,135.012
737,63.1318,15.8886,25.1699,749,87.992
738,74.9388,-11.8306,26.0266,750,157.99200000000002
739,73.2451,11.4407,25.2436,752,99.0
740,84.5675,-15.9101,25.601999999999997,753,161.5
741,88.7588,-21.7393,26.3281,754,118.50399999999999
742,75.7766,24.7126,25.0824,755,82.99600000000001
743,88.7022,-11.8246,25.5867,756,145.99200000000002
744,97.0305,-30.3299,26.5145,757,102.0
745,95.6785,-22.765,25.7572,758,153.994
746,83.7229,16.1172,25.0044,759,182.00400000000002
747,82.1133,23.0885,25.6605,760,118.008
748,105.40100000000001,-29.7153,26.5183,761,104.0
749,87.4107,28.4888,25.4151,762,99.49600000000001
750,106.52799999999999,-22.2247,26.8061,763,104.016
751,117.805,-23.296999999999997,26.6172,764,113.0
752,112.85799999999999,-7.36378,26.2161,765,71.0
753,35.3132,-17.5354,23.3707,766,141.99200000000002
754,44.6323,-12.3619,23.6049,767,75.49600000000001
755,49.1746,-9.97994,23.732,768,83.992
756,49.7754,13.3416,23.9533,769,97.99600000000001
757,67.5406,10.4917,24.1414,770,83.008
758,69.7286,17.6331,24.2854,772,133.99200000000002
759,78.1699,1.2461799999999998,24.4605,773,214.01
760,78.2901,17.8558,23.8981,774,152.0
761,98.8163,29.7571,24.9991,775,70.01
762,31.4585,-8.38729,22.5337,776,90.01
763,87.8074,8.154539999999999,23.3636,777,124.488
764,100.941,-22.2703,24.654,778,114.50399999999999
765,96.0618,-6.55475,24.0058,779,92.99600000000001
766,92.5238,25.671,23.7008,780,70.998
767,102.868,19.9889,23.4489,781,45.5
768,101.531,26.4202,23.480999999999998,782,69.49600000000001
769,35.8139,-1.37275,21.3714,783,80.99600000000001
770,62.3218,-33.3152,22.6764,784,128.014
771,77.2553,-30.4526,23.3543,785,122.49600000000001
772,88.1516,-3.24217,22.8013,786,125.0
773,36.8615,-13.1595,20.6791,787,104.50399999999999
774,41.4611,-27.3342,21.3813,788,119.00200000000001
775,52.5175,-33.7366,21.8915,789,88.0
776,77.0737,11.1108,21.7731,790,145.01
777,83.4466,-4.5841199999999995,22.0914,791,187.012
778,82.4044,6.96755,21.8802,792,140.99200000000002
779,97.1321,-21.9437,22.2631,793,155.006
780,87.2435,21.4881,21.155,794,85.99600000000001
781,109.84899999999999,-32.1151,22.8879,795,157.99200000000002
782,40.8952,-34.5361,20.7372,796,105.02
783,41.5247,-17.7722,20.1243,797,83.0
784,39.4115,7.96885,19.5842,798,74.002
785,87.0736,3.48264,20.8364,799,159.0
786,95.1348,-13.5501,20.9636,800,111.50399999999999
787,89.9332,14.8194,20.3886,801,103.99600000000001
788,97.256,0.787018,20.7484,802,88.008
789,110.265,-21.4364,21.8765,803,94.00399999999999
790,118.162,-31.3944,21.9076,804,132.00799999999998
791,110.794,-3.6155800000000005,21.2078,805,117.0
792,34.0049,-5.39404,19.1654,806,75.999
793,67.0673,-33.1354,20.1661,807,113.00399999999999
794,66.8463,-25.0944,19.3459,808,107.008
795,101.68299999999999,-35.0328,20.768,809,90.00200000000001
796,92.5084,-0.9316399999999999,20.061,810,171.988
797,93.9546,18.9552,19.458,811,123.50399999999999
798,100.762,6.626119999999999,20.3369,812,107.50399999999999
799,98.5976,21.0565,20.063,813,81.008
800,51.8089,-35.394,18.9446,814,84.49600000000001
801,43.163000000000004,-0.563298,17.8615,815,49.996
802,67.1762,-36.2121,19.4625,816,83.99799999999999
803,80.9274,-29.2312,19.2034,817,99.0
804,92.3808,6.3764199999999995,19.3534,818,111.0
805,102.04899999999999,-6.160909999999999,19.3989,819,100.006
806,104.09,-11.0502,19.2553,820,124.992
807,96.3029,15.0207,19.1768,821,170.00400000000002
808,106.833,8.645389999999999,18.92,822,118.992
809,47.2536,-25.8557,17.4113,823,84.992
810,57.4664,-8.86941,17.4756,824,60.496
811,70.723,-9.49765,17.4508,825,94.006
812,74.2054,-13.7938,17.4974,826,67.0
813,91.2189,-33.4972,18.4872,827,99.008
814,100.544,-12.7924,18.6355,828,109.992
815,94.7477,9.69106,18.3327,829,86.0
816,105.749,-17.8935,19.0048,830,104.99
817,114.139,-36.2386,19.5253,831,66.006
818,104.507,1.73521,18.273,832,138.0
819,116.432,-20.783,18.7183,833,60.996
820,114.655,-14.1321,19.1959,834,52.005
821,105.206,16.8499,18.6358,835,66.012
822,45.456,-36.3898,16.4836,836,90.988
823,32.8624,5.146730000000001,15.5007,837,64.00399999999999
824,50.3652,-20.5031,16.1715,838,65.0
825,56.2676,-37.7735,16.8353,839,48.012
826,55.4881,6.40926,16.3369,840,60.992
827,61.0258,-6.666580000000001,16.7912,841,70.49600000000001
828,76.9021,-29.9423,16.815,842,99.52
829,70.0628,-3.22879,17.180999999999997,843,66.992
830,92.1767,-8.1427,17.5174,844,263.02
831,100.50299999999999,-30.5551,17.9334,845,78.012
832,109.51100000000001,-28.0831,17.5751,846,112.49600000000001
833,110.56,-16.1573,17.5801,847,59.008
834,43.5651,-8.701089999999999,15.3,848,61.998000000000005
835,48.248000000000005,-15.06,15.1217,849,55.996
836,52.2719,-7.0677,15.722999999999999,850,61.996
837,57.215,-2.40939,15.3484,851,47.992
838,61.2593,-3.14414,15.222000000000001,852,65.5
839,65.2429,1.93143,15.69,853,67.99600000000001
840,77.9526,-19.0847,16.3027,854,79.998
841,88.5194,-21.9637,16.5879,855,75.99600000000001
842,98.8232,-7.997380000000001,16.2935,856,144.984
843,36.3409,-14.2079,13.7221,857,64.0
844,34.4254,-1.31796,13.914000000000001,858,51.001999999999995
845,44.0073,-24.3869,14.7569,859,84.0
846,53.3342,-25.0705,14.8497,860,77.0
847,58.066,-27.4454,15.2749,861,72.002
848,50.0115,-1.20471,14.3384,862,50.001000000000005
849,60.0496,-14.828,15.0413,863,60.998000000000005
850,73.2192,-34.6718,14.832,864,68.006
851,60.5154,5.74828,14.3716,865,61.998000000000005
852,65.7094,-8.15402,14.6341,866,68.0
853,67.9983,2.04061,14.672,867,66.002
854,74.8089,-0.667936,14.7787,868,78.992
855,73.7446,23.6044,14.1923,869,42.006
856,106.84299999999999,-3.89756,15.2276,870,76.992
857,115.527,-29.8598,16.4229,871,92.0
858,101.72200000000001,13.6286,15.7795,872,142.99200000000002
859,100.03399999999999,26.0587,15.440999999999999,873,38.001999999999995
860,41.9426,5.6311599999999995,12.8502,874,46.496
861,47.7245,6.43489,12.9069,875,50.51
862,56.6615,-17.887999999999998,13.9133,876,62.001000000000005
863,52.663000000000004,0.589296,13.2681,877,33.998000000000005
864,68.0601,-15.0981,14.2167,878,54.996
865,64.8586,13.9615,13.4885,879,39.996
866,83.5859,-34.8255,14.2527,880,74.01
867,69.0369,8.53151,14.009,881,66.50399999999999
868,75.9488,-7.033930000000001,14.1378,882,54.496
869,84.0701,-4.6673,14.1058,884,39.012
870,81.5355,11.5173,13.7614,885,28.0
871,34.2433,-7.12613,12.1365,886,65.001
872,46.8735,-6.7227,12.7132,887,53.996
873,52.0055,10.4149,12.3565,888,40.0
874,72.1364,-23.9556,13.4721,889,87.006
875,60.0806,11.2374,12.8768,890,42.0
876,77.2989,-11.7425,13.1944,891,56.992
877,81.0724,14.5117,13.1399,892,17.998
878,104.916,-32.0417,14.0476,893,79.992
879,35.0108,-20.5189,10.8605,894,97.49600000000001
880,51.997,-13.7428,11.81,895,46.992
881,44.7645,10.1122,11.6368,896,70.51
882,63.213,-33.5019,12.0314,897,79.0
883,68.9398,-31.9106,12.4243,898,83.0
884,63.3079,19.2571,11.7392,899,28.996
885,69.6184,21.3561,11.859000000000002,900,36.004
886,85.6357,-14.0464,12.4813,901,40.996
887,91.5481,-31.993000000000002,12.7952,902,78.0
888,74.7056,21.6707,11.8384,903,25.002
889,77.97,24.8728,11.725,904,22.996
890,85.2383,26.6989,12.2039,905,31.996
891,104.27799999999999,-22.1494,12.8069,906,54.001000000000005
892,89.2035,22.9063,12.0513,907,17.996
893,93.2433,27.2345,12.4995,908,24.996
894,100.441,26.3301,12.5161,909,24.991999999999997
895,102.93299999999999,22.4865,12.6393,910,25.0
896,29.32,-5.85503,10.1873,911,60.996
897,48.641999999999996,-25.2494,10.708,912,89.99600000000001
898,54.1884,-35.4413,10.8917,913,43.992
899,59.9046,-14.9571,10.4953,914,37.992
900,105.595,-10.8522,11.7571,917,30.006
901,102.292,34.8483,17.0405,918,45.996
902,100.515,43.1465,15.4651,919,34.504
903,114.08200000000001,38.5522,16.0985,920,35.5
904,97.0043,42.4829,15.1763,921,50.006
905,106.70200000000001,40.0978,15.5253,922,37.496
906,109.96,39.6039,14.8409,923,24.999000000000002
907,98.915,38.6587,14.224,924,47.0
908,122.781,-28.5286,26.4321,925,128.02
909,120.439,-18.0532,26.430999999999997,926,75.998
910,121.415,-13.3672,27.0546,927,62.5
911,107.698,32.4819,26.1912,928,75.005
912,129.468,-19.995,26.9644,929,51.496
913,128.83700000000002,-4.81159,26.9252,930,37.996
914,145.39,-34.4385,27.1678,931,72.0
915,151.204,-31.4237,27.7122,932,48.5
916,159.262,-26.838,27.574,933,46.001999999999995
917,147.559,20.3,26.4676,934,58.996
918,162.569,-20.6893,27.7967,935,53.996
919,152.278,10.4891,27.5011,936,43.998000000000005
920,157.083,11.3764,27.1944,937,33.998000000000005
921,166.90200000000002,-14.6143,27.5587,938,49.001999999999995
922,164.17700000000002,6.956689999999999,27.8841,939,21.002
923,165.136,17.8277,27.1618,940,29.002
924,141.671,-25.211,26.4618,941,65.008
925,140.707,-0.944976,25.8035,942,47.0
926,140.08700000000002,2.06671,26.2585,943,44.003
927,166.657,-8.15517,26.6043,944,31.996
928,183.923,-3.7608099999999998,26.6086,945,34.998000000000005
929,124.65700000000001,-21.7844,25.1245,946,72.0
930,135.52100000000002,-13.5645,25.2525,947,40.998000000000005
931,151.26,-24.283,25.4345,948,39.001999999999995
932,147.21200000000002,-8.74107,25.5818,949,46.003
933,141.765,22.5081,24.6525,950,44.5
934,151.35399999999998,1.34297,24.8252,951,31.004
935,158.796,-17.4665,25.2204,952,43.0015
936,159.85,18.8463,24.7724,953,26.0
937,170.982,4.3821,25.5744,954,27.998
938,178.548,-17.9801,26.1677,955,37.998000000000005
939,111.355,28.2417,22.7009,956,57.996
940,126.75299999999999,24.9367,23.3609,957,47.996
941,145.736,7.76151,23.9637,958,36.004
942,162.48,-4.64518,24.6876,959,31.5
943,177.372,5.35843,25.0362,960,48.996
944,184.59400000000002,5.92248,24.9303,961,57.501000000000005
945,129.792,-32.4044,23.4155,962,140.488
946,126.244,-12.0965,22.8445,963,43.998000000000005
947,134.525,-23.2168,23.3638,964,54.996
948,138.033,-34.9723,23.783,965,67.008
949,122.124,27.1413,22.7023,966,48.012
950,142.93200000000002,-11.474,22.9512,967,41.998000000000005
951,133.399,22.7767,22.8275,968,43.996
952,176.88299999999998,-2.88645,24.3264,969,37.51
953,191.051,3.64799,24.353,970,31.0
954,122.883,20.8016,21.5182,971,32.001999999999995
955,148.757,-15.1557,22.5018,972,32.004
956,155.108,-24.7034,22.8934,973,34.001999999999995
957,174.737,12.5423,22.9444,974,39.004
958,189.641,-16.7684,23.2575,975,24.000999999999998
959,188.889,-10.5372,23.2323,976,32.996
960,115.89,25.1787,19.9512,977,59.504
961,129.005,18.7777,20.3001,978,34.496
962,146.387,-27.984,21.7714,979,47.496
963,157.114,-14.2437,21.7347,980,37.998000000000005
964,147.64600000000002,19.6827,21.2838,981,45.996
965,168.205,-25.7775,22.2006,982,36.496
966,169.47299999999998,16.7078,21.7647,983,24.004
967,183.12099999999998,-13.5796,22.8204,984,27.998
968,193.85,-10.821,23.0012,985,32.998000000000005
969,124.65100000000001,-34.6696,19.8727,986,135.488
970,119.655,-10.7684,20.2273,987,34.998000000000005
971,108.729,22.3233,19.2233,988,43.996
972,124.374,-9.635760000000001,20.2247,989,45.001999999999995
973,137.08,19.7771,19.7521,990,32.001999999999995
974,115.17299999999999,-1.53922,18.6526,991,67.008
975,111.413,18.7028,18.5208,992,49.996
976,128.476,-28.0353,19.0584,993,59.994
977,137.578,15.4564,19.2567,994,26.0015
978,162.233,17.4159,19.8468,995,24.998
979,169.794,12.064,20.2836,996,20.999000000000002
980,194.329,0.884333,20.5233,997,32.004
981,119.64299999999999,13.3436,17.6082,999,42.998000000000005
982,126.09100000000001,7.19065,17.8927,1000,42.998000000000005
983,139.269,-31.259,18.6054,1001,45.998000000000005
984,131.138,9.19174,17.5529,1002,35.005
985,143.39600000000002,-22.3171,18.7231,1003,55.004
986,124.931,33.5174,17.6923,1004,28.996
987,143.484,17.9289,18.2112,1005,30.004
988,155.744,17.1225,18.8682,1006,35.001999999999995
989,108.44,13.4276,16.8056,1007,107.02
990,112.575,2.18275,16.6993,1008,76.00399999999999
991,115.853,-7.249960000000001,17.1474,1009,55.992
992,119.82600000000001,1.4156,17.0158,1010,44.992
993,127.038,-19.9638,17.1803,1011,31.996
994,117.64399999999999,19.0768,16.9339,1012,44.004
995,125.838,2.62605,17.1224,1013,32.996
996,123.557,17.9454,17.2164,1014,32.0
997,140.40200000000002,-8.74117,17.7499,1015,27.498
998,132.116,31.4344,16.5852,1016,43.0
999,136.812,31.8411,16.6265,1017,47.012
1000,140.678,28.6912,16.8957,1018,30.511999999999997
1001,182.421,5.4924800000000005,18.5279,1019,43.996
1002,189.042,2.57648,18.4088,1020,20.998
1003,104.76700000000001,33.8094,15.0727,1021,39.012
1004,115.053,8.29504,15.8699,1022,48.998000000000005
1005,120.375,-5.168830000000001,16.3161,1023,38.004
1006,114.762,14.1409,15.7252,1024,42.998000000000005
1007,130.388,-14.2042,16.1199,1025,28.999000000000002
1008,123.844,13.0612,15.6145,1026,48.001999999999995
1009,136.81799999999998,-25.294,16.5941,1027,28.996
1010,145.621,-34.9214,17.2383,1028,46.008
1011,136.582,-0.99864,16.7254,1029,23.996
1012,132.335,15.3302,15.6673,1030,33.999
1013,141.476,2.2517400000000003,16.7989,1031,30.996
1014,149.945,3.11246,16.432000000000002,1032,20.998
1015,150.385,15.9799,16.564,1033,30.004
1016,151.031,24.2831,16.7065,1034,5.996
1017,170.75,-9.29449,17.6055,1035,27.998
1018,175.243,7.835310000000001,16.9549,1036,31.996
1019,122.198,-28.029,15.4381,1037,86.0
1020,122.37299999999999,-16.602999999999998,15.5008,1038,39.992
1021,132.32,-26.8369,15.5132,1039,34.998000000000005
1022,121.524,8.20784,15.046,1040,49.996
1023,128.532,-8.88756,15.1571,1041,33.999
1024,114.667,34.327,14.056,1042,28.996
1025,135.136,-17.3261,15.8353,1043,37.999
1026,134.757,-12.1313,15.4934,1044,36.5
1027,120.226,34.7777,14.7254,1045,26.004
1028,133.33700000000002,3.59511,14.8863,1046,23.998
1029,140.016,-16.7685,15.5786,1047,42.998000000000005
1030,127.76100000000001,32.3521,14.925999999999998,1048,24.996
1031,137.72,9.52125,14.8366,1049,31.996
1032,132.739,29.119,14.9215,1050,36.992
1033,136.888,28.5143,15.1919,1051,39.52
1034,141.968,24.1033,15.3545,1052,25.0
1035,164.83599999999998,-23.6688,16.1942,1053,35.996
1036,161.92600000000002,-7.974760000000001,15.98,1054,26.998
1037,158.838,12.3811,15.3836,1055,21.998
1038,165.665,12.9032,16.1647,1057,21.996
1039,124.28200000000001,-3.9972,14.3095,1058,30.996
1040,129.812,-2.62268,14.2942,1059,30.997
1041,134.109,-7.329060000000001,14.0419,1060,29.002
1042,124.336,29.7503,13.7475,1061,27.996
1043,127.13,29.289,13.8941,1062,26.996
1044,141.00799999999998,-3.79956,14.1311,1063,29.5
1045,147.947,-24.0322,14.7948,1064,42.998000000000005
1046,154.105,-32.3476,15.3403,1065,27.004
1047,143.72799999999998,13.3666,14.1122,1066,24.996
1048,150.861,-4.67475,14.6921,1067,23.998
1049,154.986,11.4736,14.2818,1068,20.999000000000002
1050,169.234,8.03903,15.0511,1069,27.996
1051,190.05900000000003,-2.81222,15.7659,1070,19.999000000000002
1052,200.361,-12.482000000000001,16.0879,1071,13.998
1053,104.459,31.513,12.4713,1072,22.996
1054,109.12899999999999,25.4716,12.7659,1073,15.998
1055,107.757,33.503,12.7663,1074,21.996
1056,112.726,19.484,12.7641,1075,21.991999999999997
1057,111.26899999999999,30.9049,12.769,1076,22.004
1058,113.84,24.9266,12.3942,1077,16.996
1059,117.24799999999999,28.898000000000003,12.8172,1078,18.0
1060,143.34,7.46594,13.8017,1079,22.998
1061,146.14,-1.55826,13.9461,1080,34.001999999999995
1062,148.515,10.2479,13.665999999999999,1081,23.998
1063,157.431,-6.21835,14.0108,1082,27.999000000000002
1064,161.878,3.8755,13.5866,1083,23.996
1065,162.629,8.35645,14.3748,1084,23.5
1066,166.628,-3.44317,14.5961,1085,27.998
1067,177.763,-13.087,14.8344,1086,28.004
1068,173.32299999999998,3.95649,14.549000000000001,1087,17.996
1069,183.48,-17.9671,14.4965,1088,16.999000000000002
1070,187.21200000000002,-13.1867,14.8139,1089,16.000999999999998
1071,182.62599999999998,2.19824,14.869000000000002,1090,21.996
1072,191.012,-10.6636,14.5769,1091,10.998
1073,194.049,-7.439939999999999,14.5465,1092,9.002
1074,134.47,-33.3051,13.0165,1093,45.996
1075,141.575,-30.9721,12.9583,1094,47.004
1076,124.928,24.0247,12.2783,1095,8.996
1077,144.582,-10.404000000000002,12.4832,1096,28.004
1078,151.33100000000002,-10.3273,12.8466,1097,29.000999999999998
1079,153.904,-12.7605,13.0557,1098,27.000999999999998
1080,162.859,-28.2137,13.5261,1099,26.996
1081,155.333,0.403208,12.8393,1100,18.998
1082,157.208,4.99055,13.3294,1101,23.004
1083,165.702,-13.380999999999998,13.5048,1102,28.004
1084,161.306,-0.114874,13.4664,1103,19.998
1085,168.372,-20.8732,13.6219,1104,30.996
1086,168.787,-16.8658,13.6863,1105,26.002
1087,173.922,-17.7539,13.8795,1106,17.996
1088,167.668,2.48977,13.6567,1107,17.000999999999998
1089,171.44799999999998,-2.68091,13.8082,1108,26.998
1090,179.058,-22.1172,14.1688,1109,27.998
1091,175.035,-6.5128,13.7901,1110,19.996
1092,176.325,-1.80972,13.6927,1111,19.002
1093,180.295,-8.31173,13.2882,1112,4.998
1094,178.829,-47.1139,28.3386,1115,38.996
1095,176.743,-36.4695,28.4597,1116,58.004
1096,172.778,-42.3864,27.0625,1118,69.992
1097,189.85,-41.5667,27.773000000000003,1119,44.0
1098,155.60399999999998,-35.5281,24.7018,1120,58.992
1099,183.77700000000002,-24.5532,25.7397,1121,42.996
1100,187.247,-29.2808,25.1218,1122,39.001999999999995
1101,195.045,-32.2214,25.7609,1123,33.004
1102,162.447,-38.7747,24.1821,1124,49.004
1103,175.043,-49.4444,24.3472,1125,17.0
1104,178.80700000000002,-44.3266,24.9689,1126,51.5
1105,200.08599999999998,-25.6707,25.031,1127,27.0
1106,202.13099999999997,-21.2953,24.9506,1128,24.5
1107,170.338,-46.7393,23.9237,1129,37.992
1108,177.541,-27.4977,22.9936,1130,43.996
1109,171.668,-34.8422,22.3062,1131,43.998999999999995
1110,161.88,-35.4898,20.8202,1132,44.004
1111,178.135,-37.0043,21.2987,1133,54.006
1112,179.574,-41.2442,21.8873,1134,45.004
1113,181.05900000000003,-33.0865,20.7566,1136,36.004
1114,186.033,-45.1225,20.5901,1137,15.995999999999999
1115,198.02,-30.3741,20.6108,1138,9.998
1116,172.294,-44.7155,19.361,1139,45.004
1117,171.831,-28.0776,19.1095,1140,33.001999999999995
1118,164.199,-31.4107,18.3841,1141,47.998999999999995
1119,156.681,-42.103,17.0297,1143,18.992
1120,165.982,-42.294,18.0292,1144,41.001999999999995
1121,201.6,-19.9099,18.327,1146,8.998
1122,180.22299999999998,-44.6605,16.9155,1147,17.004
1123,154.504,-37.5094,15.3585,1148,35.996
1124,169.192,-35.1667,15.5512,1149,30.998
1125,179.40099999999998,-42.6658,16.2166,1150,17.996
1126,182.648,-27.2631,15.7655,1151,38.996
1127,190.65900000000002,-33.6619,16.4334,1152,15.999
1128,193.238,-27.7883,16.5087,1153,15.002
1129,195.761,-22.1677,16.067999999999998,1154,11.002
1130,159.451,-32.6363,13.9831,1155,29.008000000000003
1131,171.59,-33.9085,14.755999999999998,1156,28.996
1132,182.14,-39.0808,15.1368,1158,8.496
1133,182.145,-33.6324,14.9394,1159,16.996
1134,186.658,-30.2255,14.7715,1160,16.996
1135,188.201,-21.63,15.3827,1161,27.002
1136,194.675,-19.0177,15.3426,1162,14.999
1137,173.696,-26.3303,13.5439,1163,14.998
1138,199.498,-1.6779400000000002,25.9956,1165,35.996
1139,205.285,-7.96236,24.1423,1166,21.996
1140,201.433,-5.89503,20.3173,1167,24.998
1141,197.62099999999998,-3.42648,17.6262,1168,31.002
1142,201.38099999999997,-7.00225,17.3979,1169,21.998
1143,202.972,-11.607000000000001,17.3983,1170,14.998
1144,203.8,-15.6513,28.6107,1171,31.5
1145,204.562,-16.3123,22.3177,1172,20.996
1146,11.09,8.851189999999999,7.3868,1173,52.008
1147,17.4334,27.1071,7.423189999999999,1174,45.998000000000005
1148,13.8126,18.1478,5.86607,1175,50.001999999999995
1149,20.5135,9.04526,4.7209699999999994,1176,36.0
1150,16.5762,8.614130000000001,3.5500300000000005,1177,29.004
1151,14.5244,-10.9092,8.92896,1178,51.996
1152,14.9321,-8.266110000000001,8.86102,1179,51.003
1153,25.5758,-32.4883,9.56795,1180,37.02
1154,7.79638,-12.3098,7.73556,1181,43.992
1155,16.2865,-25.5764,8.3496,1182,30.0
1156,37.6462,-32.411,8.25228,1183,50.996
1157,28.7249,-23.0,7.39767,1184,78.992
1158,30.6045,-29.0478,7.49689,1185,111.992
1159,10.4468,-10.0181,5.20441,1186,23.998
1160,7.469360000000001,-0.13308499999999998,5.0883,1187,11.998
1161,21.4294,5.13678,4.619269999999999,1188,32.996
1162,27.7604,-12.1849,4.88249,1189,43.996
1163,17.9922,-15.5305,3.8268199999999997,1190,11.998
1164,17.221,-1.86211,4.2755,1191,35.0
1165,21.8824,-10.1177,4.519080000000001,1192,39.0
1166,24.2317,0.0772972,4.42598,1193,32.996
1167,26.7237,-4.897480000000001,4.14369,1194,31.504
1168,25.7759,9.10133,8.64227,1195,42.998000000000005
1169,49.3479,20.7994,8.820319999999999,1196,40.003
1170,53.2025,29.3954,9.66346,1197,61.0
1171,51.8652,39.9956,9.3488,1198,46.996
1172,19.712,30.9752,5.43393,1199,17.502
1173,26.0927,30.5154,5.853190000000001,1200,52.992
1174,30.4116,34.0739,6.003909999999999,1201,42.998000000000005
1175,43.2539,13.5469,6.25127,1202,32.996
1176,43.4101,17.4283,6.605910000000001,1203,34.004
1177,48.1444,26.0122,5.91248,1204,43.0
1178,24.1682,26.3631,4.897480000000001,1205,37.0
1179,32.1902,17.4021,4.66526,1206,44.0
1180,32.8788,21.8597,4.819,1207,36.004
1181,45.6941,37.5854,5.31816,1208,15.004000000000001
1182,49.5703,31.3176,4.96819,1209,31.496
1183,55.9951,37.8321,5.401330000000001,1210,19.0
1184,26.2911,17.8103,4.388330000000001,1211,41.006
1185,31.6585,27.0143,4.3736,1212,36.996
1186,37.0778,20.7187,4.45695,1213,26.996
1187,39.4501,24.3543,3.97554,1214,22.996
1188,44.5842,28.613000000000003,4.16582,1215,28.996
1189,45.0123,-18.8053,9.375539999999999,1216,77.00399999999999
1190,41.2673,-4.51326,9.524519999999999,1217,49.0
1191,49.3218,-10.685,9.875639999999999,1218,35.996
1192,64.375,-19.1303,10.5596,1219,44.992
1193,83.9942,-26.0213,10.5241,1220,59.992
1194,95.6529,-24.0603,10.917,1221,59.0
1195,99.3893,-15.6715,11.105,1222,55.496
1196,40.6345,-0.384868,8.29038,1224,31.002
1197,60.0734,-33.4525,9.092410000000001,1225,54.98
1198,56.3733,-18.907,9.365,1226,57.508
1199,60.563,-30.395,8.73325,1227,75.992
1200,61.7184,-23.6569,9.221919999999999,1228,48.0
1201,72.6188,-24.0389,9.835469999999999,1229,79.008
1202,80.3482,-28.985,9.64215,1230,63.0
1203,85.4759,-29.3226,10.1144,1231,62.0
1204,83.6851,-21.6084,9.479339999999999,1232,32.004
1205,92.741,-20.5035,9.470369999999999,1233,23.0
1206,104.818,-22.0766,10.4465,1234,46.996
1207,108.206,-28.4086,10.5477,1235,51.0
1208,106.391,-18.6186,9.76264,1236,32.001999999999995
1209,111.855,-16.214000000000002,10.4461,1237,26.004
1210,116.87200000000001,-30.1875,10.7064,1238,39.0
1211,115.757,-14.1174,10.6069,1239,19.002
1212,41.5501,-31.7542,7.39573,1240,45.006
1213,32.4226,8.39109,7.00448,1241,54.004
1214,35.1718,8.15511,6.96005,1242,49.001999999999995
1215,53.1222,-26.268,8.186689999999999,1243,77.016
1216,67.3107,-23.7379,8.412239999999999,1244,47.008
1217,73.0719,-28.8823,8.69186,1245,66.0
1218,101.277,-23.9375,8.73147,1246,22.996
1219,112.62200000000001,-24.3853,9.42112,1247,25.5
1220,118.445,-23.6161,9.161669999999999,1248,16.996
1221,36.3065,-2.9424099999999997,6.28739,1249,37.996
1222,39.8583,-10.8161,6.8172,1250,36.504
1223,52.7427,-31.0423,7.27734,1251,73.0
1224,51.1383,-19.4078,6.82914,1252,62.996
1225,55.2028,-23.5018,6.879589999999999,1253,93.016
1226,39.157,-18.9107,5.27979,1254,62.992
1227,34.0555,2.23833,5.4552,1255,32.996
1228,40.1789,-15.311,5.5490900000000005,1256,52.01
1229,45.8775,-30.2094,5.80186,1257,42.983999999999995
1230,39.41,10.4902,5.75044,1258,28.996
1231,28.6572,1.31044,4.6737,1259,38.0
1232,40.1027,-23.5513,5.23816,1260,65.00399999999999
1233,46.5841,-23.219,4.74533,1261,38.992
1234,124.45700000000001,-33.528,11.9684,1262,20.991999999999997
1235,132.262,-32.2297,12.2233,1263,41.996
1236,144.869,-17.1474,12.1973,1264,26.998
1237,152.029,-24.7665,12.3038,1265,26.996
1238,154.158,-18.4549,12.5629,1266,23.998
1239,157.463,-24.176,12.4662,1267,23.002
1240,159.567,-21.6561,12.8251,1268,25.998
1241,159.234,-13.9285,12.5848,1269,29.996
1242,164.153,-18.6336,12.2847,1270,18.496
1243,128.195,-20.148,10.2008,1272,31.006
1244,146.634,-27.2969,11.0372,1274,16.996
1245,149.515,-17.925,11.5417,1275,26.996
1246,123.68,-25.7641,9.70653,1276,22.0
1247,121.921,-19.3821,9.34707,1277,19.0
1248,125.31200000000001,-16.6874,9.74585,1278,17.5
1249,130.904,-26.361,10.0627,1279,22.996
1250,136.756,-22.2852,10.1161,1280,30.996
1251,139.916,-24.4337,9.90751,1281,15.0
